{
    "params": {
        "LATENT_DIM": 1024,
        "EPOCHS": 200,
        "BATCH_SIZE": 256,
        "LEARNING_RATE": 0.0001,
        "PATIENCE": 100,
        "MIN_DELTA": 1e-05,
        "activation_name": "Sigmoid",
        "position_norm_method": "StandardScaler",
        "momenta_norm_method": "None",
        "use_l1": false,
        "L1_LAMBDA": 0.5,
        "use_l2": true,
        "L2_LAMBDA": 0.01,
        "num_hidden_layers": 3,
        "hidden_layer_size": 256
    },
    "metrics": {
        "train_mre": 0.6488238024810921,
        "train_mse": 5.129573065547479,
        "val_mre": 0.6542901760999578,
        "val_mse": 5.153461234458963,
        "test_mre": 0.6209329809450479,
        "test_mse": 5.264373788906423
    },
    "train_losses": [
        19.819382395063126,
        16.22200036048889,
        13.823350395475115,
        11.818050520760673,
        10.096234730311803,
        8.670662130628314,
        7.4817484106336325,
        6.512550371033805,
        5.666150689125061,
        4.979961633682251,
        4.418907880783081,
        3.945106710706438,
        3.554043548447745,
        3.226793008191245,
        2.9587623732430592,
        2.7277552911213467,
        2.5390759791646684,
        2.7405402064323425,
        2.248371320111411,
        2.129203987973077,
        2.0272088732038225,
        1.945175745657512,
        1.872810653277806,
        1.8100140179906572,
        1.7534532972744532,
        1.7042426211493356,
        1.6629508095128196,
        1.6235605052539281,
        1.9588048883846827,
        1.5642600527831487,
        1.5363678634166718,
        1.5108037080083574,
        1.48951889361654,
        1.4665790796279907,
        1.4497175855295998,
        1.4290249730859483,
        1.4125326020377023,
        1.4275156131812505,
        1.385606620992933,
        1.3716755168778556,
        1.3570204419749123,
        1.3517740475279945,
        1.331853523850441,
        1.3273172335965293,
        1.3120694564921516,
        1.3037893239940916,
        1.2898451622043337,
        1.2832813284226827,
        1.274716079235077,
        1.2630282129560197,
        1.2572958448103495,
        1.250437902552741,
        1.2401239254644938,
        1.2496305427380971,
        1.2246214023658208,
        1.2172874808311462,
        1.2090153374842234,
        1.2033463822943824,
        1.2025906613894872,
        1.1912877900259835,
        1.2130053980009896,
        1.1811102735144752,
        1.1743107118776865,
        1.169773212500981,
        1.16134569474629,
        1.1705437089715685,
        1.1534704566001892,
        1.147314761366163,
        1.1526037965502058,
        1.1357918339116233,
        1.1339410075119563,
        1.125663012266159,
        1.1224530658551626,
        1.1409290667091097,
        1.123993422303881,
        1.1117628748927797,
        1.1059717684984207,
        1.1027672567537852,
        1.1029508369309562,
        1.102335927741868,
        1.0965824233634132,
        1.0978806103978838,
        1.0890135679926192,
        1.0850859028952462,
        1.1001187648091997,
        1.0764965500150407,
        1.074381125824792,
        1.1255544679505485,
        1.0674150181668145,
        1.066059069974082,
        1.064061933330127,
        1.0631513105971473,
        1.061490107859884,
        1.055828413793019,
        1.0535844202552522,
        1.0560002901724406,
        1.0499149390629359,
        1.0569300098078591,
        1.045702991741044,
        1.0435624825102943,
        1.053594829780715,
        1.0399070594991957,
        1.0371347154889787,
        1.0566844982760293,
        1.0333677445139204,
        1.0294911393097468,
        1.031690531543323,
        1.0275201776197977,
        1.0268203573567527,
        1.0253675069127763,
        1.0452639332839422,
        1.0234567948750086,
        1.0633618916784013,
        1.0217249265738897,
        1.027659807886396,
        1.0204835491521018,
        1.0208449959754944,
        1.0204789361783437,
        1.0183922201395035,
        1.0163415734257017,
        1.0160071445362908,
        1.0123746054513114,
        1.011843089546476,
        1.0115302460534232,
        1.0100208116429192,
        1.0115886266742433,
        1.0106219883475984,
        1.0106557671512877,
        1.0086749983685357,
        1.0070910304784775,
        1.006468306694712,
        1.0112427600792475,
        1.0041138231754303,
        1.009767668587821,
        1.0046324687344688,
        1.004204586148262,
        1.0033254069941384,
        1.0029106054987227,
        1.0037590797458376,
        1.0050718763044901,
        1.0007907492773873,
        1.0124882885387965,
        1.0037084115403039,
        1.0024302559239524,
        1.0007933037621635,
        1.0108576502118791,
        0.9992663477148328,
        1.0011559150048666,
        0.9998680693762643,
        1.0018433779478073,
        0.9964574745723179,
        1.0018543877771922,
        0.9993220205817904,
        0.9985852582114083,
        0.9970401759658541,
        1.0149153364556176,
        1.009793045265334,
        0.9969812461308071,
        0.9993777338947568,
        1.0014653887067522,
        0.9963524213859013,
        1.0030339785984583,
        0.997214464204652,
        0.9979942696435111,
        0.9993409429277692,
        0.9988140399966922,
        0.9966392112629754,
        0.9954404085874557,
        0.9990913676364082,
        0.9928794971534184,
        0.998903174485479,
        0.9969848692417145,
        0.9942801573446819,
        0.9971903477396283,
        0.9970392882823944,
        0.9982062173741204,
        0.9974294964756284,
        0.9974887669086456,
        0.9965634196996689,
        0.9963844695261547,
        0.995298051408359,
        0.9951555856636592,
        0.9996145218610764,
        0.9944744429418019,
        1.00599405169487,
        0.9958969205617905,
        0.9962377079895565,
        0.995691757116999,
        1.0178893783262797,
        0.9939829217536109,
        0.9928973913192749,
        0.9996318753276553,
        0.993979845728193,
        0.9949986721788134,
        0.9918450117111206,
        0.995562977024487,
        0.9935540727206639,
        0.9946253406150001,
        0.9930498727730342,
        0.9936307455812182
    ],