fold,mre
1,0.5767373442649841
2,0.5372746586799622
3,1.1625633239746094
4,0.49900975823402405
5,0.5581892132759094
