{
    "overall_mre": 0.48132050037384033,
    "overall_mse": 5.159070014953613,
    "component_mse": {
        "cx": 1.0048965215682983,
        "cy": 2.352626323699951,
        "cz": 5.291490742820315e-05,
        "ox": 14.890692710876465,
        "oy": 20.32419776916504,
        "oz": 6.947066002539137e-35,
        "sx": 7.8591718673706055,
        "sy": 2.8433597551788524e-33,
        "sz": 2.0001829837928027e-32
    }
}