{
    "mre": 0.48132050037384033,
    "mse": 5.159070014953613
}